<?xml version="1.0" encoding="UTF-8"?>
<project-private xmlns="http://www.netbeans.org/ns/project-private/1">
    <editor-bookmarks xmlns="http://www.netbeans.org/ns/editor-bookmarks/2" lastBookmarkId="0"/>
    <open-files xmlns="http://www.netbeans.org/ns/projectui-open-files/2">
        <group>
            <file>file:/D:/NSU%20Courses/Semester%202/CSE215.3L%20-%20(Java-Programming%20Language%20II%20-%20Lab)/Lab%20Project/Chart_2/test/test/ModelData.java</file>
            <file>file:/D:/NSU%20Courses/Semester%202/CSE215.3L%20-%20(Java-Programming%20Language%20II%20-%20Lab)/Lab%20Project/Chart_2/test/test/Start.java</file>
            <file>file:/D:/NSU%20Courses/Semester%202/CSE215.3L%20-%20(Java-Programming%20Language%20II%20-%20Lab)/Lab%20Project/Chart_2/test/test/Test.java</file>
            <file>file:/D:/NSU%20Courses/Semester%202/CSE215.3L%20-%20(Java-Programming%20Language%20II%20-%20Lab)/Lab%20Project/Chart_2/test/test/LoginScreen.java</file>
            <file>file:/D:/NSU%20Courses/Semester%202/CSE215.3L%20-%20(Java-Programming%20Language%20II%20-%20Lab)/Lab%20Project/Chart_2/test/test/MyFrame2.java</file>
            <file>file:/D:/NSU%20Courses/Semester%202/CSE215.3L%20-%20(Java-Programming%20Language%20II%20-%20Lab)/Lab%20Project/Chart_2/test/test/CreateAccount.java</file>
        </group>
    </open-files>
</project-private>
